"INSERT INTO playlist_songs VALUES (8, 14, 25, '2026-02-10 03:32:38', 3);"
"INSERT INTO playlist_songs VALUES (8, 14, 46, '2026-02-10 03:32:38', 4);"
"INSERT INTO playlist_songs VALUES (8, 14, 44, '2026-02-10 03:32:38', 6);"
"INSERT INTO playlist_songs VALUES (8, 14, 11, '2026-02-10 03:32:38', 9);"
"INSERT INTO playlist_songs VALUES (8, 14, 186, '2026-02-10 03:32:38', 11);"
"INSERT INTO playlist_songs VALUES (93, 46, 2, '2026-02-10 03:32:38', 18);"
"INSERT INTO playlist_songs VALUES (93, 46, 88, '2026-02-10 03:32:38', 20);"
"INSERT INTO playlist_songs VALUES (93, 46, 28, '2026-02-10 03:32:38', 13);"
"INSERT INTO playlist_songs VALUES (93, 46, 184, '2026-02-10 03:32:38', 15);"
"INSERT INTO playlist_songs VALUES (87, 21, 87, '2026-02-10 03:32:38', 6);"
"INSERT INTO playlist_songs VALUES (87, 21, 34, '2026-02-10 03:32:38', 13);"
"INSERT INTO playlist_songs VALUES (87, 21, 5, '2026-02-10 03:32:38', 8);"
"INSERT INTO playlist_songs VALUES (87, 21, 130, '2026-02-10 03:32:38', 19);"
"INSERT INTO playlist_songs VALUES (39, 42, 156, '2026-02-10 03:32:38', 15);"
"INSERT INTO playlist_songs VALUES (39, 42, 162, '2026-02-10 03:32:38', 6);"
"INSERT INTO playlist_songs VALUES (39, 42, 55, '2026-02-10 03:32:38', 2);"
"INSERT INTO playlist_songs VALUES (39, 42, 93, '2026-02-10 03:32:38', 4);"
"INSERT INTO playlist_songs VALUES (39, 42, 19, '2026-02-10 03:32:38', 13);"
"INSERT INTO playlist_songs VALUES (39, 42, 137, '2026-02-10 03:32:38', 11);"
"INSERT INTO playlist_songs VALUES (39, 42, 26, '2026-02-10 03:32:38', 9);"
"INSERT INTO playlist_songs VALUES (39, 42, 82, '2026-02-10 03:32:38', 10);"
"INSERT INTO playlist_songs VALUES (39, 42, 107, '2026-02-10 03:32:38', 8);"
"INSERT INTO playlist_songs VALUES (39, 42, 79, '2026-02-10 03:32:38', 3);"
"INSERT INTO playlist_songs VALUES (60, 24, 40, '2026-02-10 03:32:38', 4);"
"INSERT INTO playlist_songs VALUES (60, 24, 76, '2026-02-10 03:32:38', 3);"
"INSERT INTO playlist_songs VALUES (60, 24, 3, '2026-02-10 03:32:38', 12);"
"INSERT INTO playlist_songs VALUES (60, 24, 68, '2026-02-10 03:32:38', 17);"
"INSERT INTO playlist_songs VALUES (60, 24, 137, '2026-02-10 03:32:38', 20);"
"INSERT INTO playlist_songs VALUES (60, 24, 63, '2026-02-10 03:32:38', 2);"
"INSERT INTO playlist_songs VALUES (60, 24, 44, '2026-02-10 03:32:38', 14);"
"INSERT INTO playlist_songs VALUES (60, 24, 81, '2026-02-10 03:32:38', 6);"
"INSERT INTO playlist_songs VALUES (67, 17, 164, '2026-02-10 03:32:38', 8);"
"INSERT INTO playlist_songs VALUES (67, 17, 17, '2026-02-10 03:32:38', 18);"
"INSERT INTO playlist_songs VALUES (67, 17, 131, '2026-02-10 03:32:38', 11);"
"INSERT INTO playlist_songs VALUES (67, 17, 139, '2026-02-10 03:32:38', 20);"
"INSERT INTO playlist_songs VALUES (67, 17, 105, '2026-02-10 03:32:38', 17);"
"INSERT INTO playlist_songs VALUES (67, 17, 52, '2026-02-10 03:32:38', 12);"
"INSERT INTO playlist_songs VALUES (67, 17, 26, '2026-02-10 03:32:38', 14);"
"INSERT INTO playlist_songs VALUES (67, 17, 190, '2026-02-10 03:32:38', 4);"
"INSERT INTO playlist_songs VALUES (67, 17, 7, '2026-02-10 03:32:38', 16);"
"INSERT INTO playlist_songs VALUES (67, 17, 53, '2026-02-10 03:32:38', 13);"
"INSERT INTO playlist_songs VALUES (72, 19, 149, '2026-02-10 03:32:38', 10);"
"INSERT INTO playlist_songs VALUES (72, 19, 39, '2026-02-10 03:32:38', 15);"
"INSERT INTO playlist_songs VALUES (72, 19, 3, '2026-02-10 03:32:38', 20);"
"INSERT INTO playlist_songs VALUES (72, 19, 43, '2026-02-10 03:32:38', 7);"
"INSERT INTO playlist_songs VALUES (74, 16, 92, '2026-02-10 03:32:38', 6);"
"INSERT INTO playlist_songs VALUES (74, 16, 147, '2026-02-10 03:32:38', 4);"
"INSERT INTO playlist_songs VALUES (74, 16, 123, '2026-02-10 03:32:38', 10);"
"INSERT INTO playlist_songs VALUES (74, 16, 181, '2026-02-10 03:32:38', 7);"
"INSERT INTO playlist_songs VALUES (74, 16, 93, '2026-02-10 03:32:38', 15);"
"INSERT INTO playlist_songs VALUES (74, 16, 189, '2026-02-10 03:32:38', 5);"
"INSERT INTO playlist_songs VALUES (74, 16, 187, '2026-02-10 03:32:38', 14);"
"INSERT INTO playlist_songs VALUES (74, 16, 76, '2026-02-10 03:32:38', 12);"
"INSERT INTO playlist_songs VALUES (74, 16, 87, '2026-02-10 03:32:38', 8);"
"INSERT INTO playlist_songs VALUES (79, 25, 22, '2026-02-10 03:32:38', 1);"
"INSERT INTO playlist_songs VALUES (79, 25, 128, '2026-02-10 03:32:38', 17);"
"INSERT INTO playlist_songs VALUES (79, 25, 50, '2026-02-10 03:32:38', 6);"
"INSERT INTO playlist_songs VALUES (79, 25, 21, '2026-02-10 03:32:38', 5);"
"INSERT INTO playlist_songs VALUES (79, 25, 99, '2026-02-10 03:32:38', 15);"
"INSERT INTO playlist_songs VALUES (79, 25, 66, '2026-02-10 03:32:38', 8);"
"INSERT INTO playlist_songs VALUES (79, 25, 129, '2026-02-10 03:32:38', 4);"
"INSERT INTO playlist_songs VALUES (79, 25, 185, '2026-02-10 03:32:38', 14);"
"INSERT INTO playlist_songs VALUES (79, 25, 109, '2026-02-10 03:32:38', 16);"
"INSERT INTO playlist_songs VALUES (39, 2, 182, '2026-02-10 03:32:38', 7);"
"INSERT INTO playlist_songs VALUES (39, 2, 45, '2026-02-10 03:32:38', 12);"
"INSERT INTO playlist_songs VALUES (39, 2, 1, '2026-02-10 03:32:38', 3);"
"INSERT INTO playlist_songs VALUES (39, 2, 47, '2026-02-10 03:32:38', 10);"
"INSERT INTO playlist_songs VALUES (39, 2, 22, '2026-02-10 03:32:38', 19);"
"INSERT INTO playlist_songs VALUES (39, 2, 57, '2026-02-10 03:32:38', 17);"
"INSERT INTO playlist_songs VALUES (37, 14, 66, '2026-02-10 03:32:38', 18);"
"INSERT INTO playlist_songs VALUES (37, 14, 36, '2026-02-10 03:32:38', 2);"
"INSERT INTO playlist_songs VALUES (37, 14, 86, '2026-02-10 03:32:38', 6);"
"INSERT INTO playlist_songs VALUES (37, 14, 6, '2026-02-10 03:32:38', 11);"
"INSERT INTO playlist_songs VALUES (37, 14, 152, '2026-02-10 03:32:38', 10);"
"INSERT INTO playlist_songs VALUES (37, 14, 168, '2026-02-10 03:32:38', 14);"
"INSERT INTO playlist_songs VALUES (37, 14, 67, '2026-02-10 03:32:38', 16);"
"INSERT INTO playlist_songs VALUES (99, 13, 151, '2026-02-10 03:32:38', 14);"
"INSERT INTO playlist_songs VALUES (99, 13, 32, '2026-02-10 03:32:38', 1);"
"INSERT INTO playlist_songs VALUES (99, 13, 83, '2026-02-10 03:32:38', 6);"
"INSERT INTO playlist_songs VALUES (99, 13, 133, '2026-02-10 03:32:38', 5);"
"INSERT INTO playlist_songs VALUES (99, 13, 186, '2026-02-10 03:32:38', 2);"
"INSERT INTO playlist_songs VALUES (99, 13, 149, '2026-02-10 03:32:38', 12);"
"INSERT INTO playlist_songs VALUES (99, 13, 96, '2026-02-10 03:32:38', 4);"
"INSERT INTO playlist_songs VALUES (99, 13, 131, '2026-02-10 03:32:38', 15);"
"INSERT INTO playlist_songs VALUES (31, 48, 31, '2026-02-10 03:32:38', 2);"
"INSERT INTO playlist_songs VALUES (31, 48, 113, '2026-02-10 03:32:38', 7);"
"INSERT INTO playlist_songs VALUES (31, 48, 111, '2026-02-10 03:32:38', 3);"
"INSERT INTO playlist_songs VALUES (31, 48, 27, '2026-02-10 03:32:38', 14);"
"INSERT INTO playlist_songs VALUES (31, 48, 106, '2026-02-10 03:32:38', 20);"
"INSERT INTO playlist_songs VALUES (31, 48, 110, '2026-02-10 03:32:38', 12);"
"INSERT INTO playlist_songs VALUES (31, 48, 51, '2026-02-10 03:32:38', 8);"
"INSERT INTO playlist_songs VALUES (31, 48, 56, '2026-02-10 03:32:38', 1);"
"INSERT INTO playlist_songs VALUES (31, 48, 20, '2026-02-10 03:32:38', 11);"
"INSERT INTO playlist_songs VALUES (46, 42, 167, '2026-02-10 03:32:38', 17);"
"INSERT INTO playlist_songs VALUES (46, 42, 37, '2026-02-10 03:32:38', 7);"
"INSERT INTO playlist_songs VALUES (46, 42, 12, '2026-02-10 03:32:38', 16);"
"INSERT INTO playlist_songs VALUES (46, 42, 72, '2026-02-10 03:32:38', 1);"
"INSERT INTO playlist_songs VALUES (46, 42, 16, '2026-02-10 03:32:38', 11);"
"INSERT INTO playlist_songs VALUES (46, 42, 69, '2026-02-10 03:32:38', 2);"
"INSERT INTO playlist_songs VALUES (46, 42, 98, '2026-02-10 03:32:38', 9);"
"INSERT INTO playlist_songs VALUES (46, 42, 78, '2026-02-10 03:32:38', 19);"
"INSERT INTO playlist_songs VALUES (71, 46, 74, '2026-02-10 03:32:38', 19);"
"INSERT INTO playlist_songs VALUES (71, 46, 147, '2026-02-10 03:32:38', 6);"
"INSERT INTO playlist_songs VALUES (71, 46, 12, '2026-02-10 03:32:38', 8);"
"INSERT INTO playlist_songs VALUES (71, 46, 9, '2026-02-10 03:32:38', 9);"
"INSERT INTO playlist_songs VALUES (71, 46, 16, '2026-02-10 03:32:38', 20);"
"INSERT INTO playlist_songs VALUES (71, 46, 71, '2026-02-10 03:32:38', 11);"
"INSERT INTO playlist_songs VALUES (71, 46, 162, '2026-02-10 03:32:38', 2);"
"INSERT INTO playlist_songs VALUES (71, 46, 178, '2026-02-10 03:32:38', 17);"
"INSERT INTO playlist_songs VALUES (71, 46, 107, '2026-02-10 03:32:38', 14);"
"INSERT INTO playlist_songs VALUES (71, 46, 75, '2026-02-10 03:32:38', 10);"
"INSERT INTO playlist_songs VALUES (30, 3, 38, '2026-02-10 03:32:38', 3);"
"INSERT INTO playlist_songs VALUES (30, 3, 182, '2026-02-10 03:32:38', 11);"
"INSERT INTO playlist_songs VALUES (30, 3, 90, '2026-02-10 03:32:38', 6);"
"INSERT INTO playlist_songs VALUES (30, 3, 103, '2026-02-10 03:32:38', 7);"
"INSERT INTO playlist_songs VALUES (30, 3, 73, '2026-02-10 03:32:38', 9);"
"INSERT INTO playlist_songs VALUES (11, 5, 67, '2026-02-10 03:32:38', 15);"
"INSERT INTO playlist_songs VALUES (11, 5, 131, '2026-02-10 03:32:38', 8);"
"INSERT INTO playlist_songs VALUES (11, 5, 116, '2026-02-10 03:32:38', 2);"
"INSERT INTO playlist_songs VALUES (11, 5, 35, '2026-02-10 03:32:38', 19);"
"INSERT INTO playlist_songs VALUES (11, 5, 140, '2026-02-10 03:32:38', 16);"
"INSERT INTO playlist_songs VALUES (11, 5, 117, '2026-02-10 03:32:38', 9);"
"INSERT INTO playlist_songs VALUES (91, 23, 59, '2026-02-10 03:32:38', 19);"
"INSERT INTO playlist_songs VALUES (91, 23, 73, '2026-02-10 03:32:38', 8);"
"INSERT INTO playlist_songs VALUES (91, 23, 159, '2026-02-10 03:32:38', 17);"
"INSERT INTO playlist_songs VALUES (91, 23, 110, '2026-02-10 03:32:38', 1);"
"INSERT INTO playlist_songs VALUES (91, 23, 26, '2026-02-10 03:32:38', 16);"
"INSERT INTO playlist_songs VALUES (91, 23, 69, '2026-02-10 03:32:38', 18);"
"INSERT INTO playlist_songs VALUES (81, 36, 190, '2026-02-10 03:32:38', 14);"
"INSERT INTO playlist_songs VALUES (81, 36, 63, '2026-02-10 03:32:38', 18);"
"INSERT INTO playlist_songs VALUES (81, 36, 80, '2026-02-10 03:32:38', 6);"
"INSERT INTO playlist_songs VALUES (81, 36, 175, '2026-02-10 03:32:38', 16);"
"INSERT INTO playlist_songs VALUES (81, 36, 173, '2026-02-10 03:32:38', 3);"
"INSERT INTO playlist_songs VALUES (64, 29, 6, '2026-02-10 03:32:38', 18);"
"INSERT INTO playlist_songs VALUES (64, 29, 4, '2026-02-10 03:32:38', 3);"
"INSERT INTO playlist_songs VALUES (64, 29, 68, '2026-02-10 03:32:38', 19);"
"INSERT INTO playlist_songs VALUES (64, 29, 48, '2026-02-10 03:32:38', 14);"
"INSERT INTO playlist_songs VALUES (74, 27, 179, '2026-02-10 03:32:38', 5);"
"INSERT INTO playlist_songs VALUES (74, 27, 64, '2026-02-10 03:32:38', 2);"
"INSERT INTO playlist_songs VALUES (74, 27, 63, '2026-02-10 03:32:38', 20);"
"INSERT INTO playlist_songs VALUES (74, 27, 136, '2026-02-10 03:32:38', 17);"
"INSERT INTO playlist_songs VALUES (66, 9, 104, '2026-02-10 03:32:38', 20);"
"INSERT INTO playlist_songs VALUES (66, 9, 108, '2026-02-10 03:32:38', 12);"
"INSERT INTO playlist_songs VALUES (66, 9, 155, '2026-02-10 03:32:38', 14);"
"INSERT INTO playlist_songs VALUES (66, 9, 112, '2026-02-10 03:32:38', 11);"
"INSERT INTO playlist_songs VALUES (66, 9, 176, '2026-02-10 03:32:38', 8);"
"INSERT INTO playlist_songs VALUES (66, 9, 40, '2026-02-10 03:32:38', 4);"
"INSERT INTO playlist_songs VALUES (66, 9, 42, '2026-02-10 03:32:38', 2);"
"INSERT INTO playlist_songs VALUES (7, 30, 151, '2026-02-10 03:32:38', 20);"
"INSERT INTO playlist_songs VALUES (7, 30, 63, '2026-02-10 03:32:38', 5);"
"INSERT INTO playlist_songs VALUES (7, 30, 104, '2026-02-10 03:32:38', 7);"
"INSERT INTO playlist_songs VALUES (7, 30, 79, '2026-02-10 03:32:38', 8);"
"INSERT INTO playlist_songs VALUES (7, 30, 121, '2026-02-10 03:32:38', 1);"
"INSERT INTO playlist_songs VALUES (7, 30, 153, '2026-02-10 03:32:38', 16);"
"INSERT INTO playlist_songs VALUES (7, 30, 183, '2026-02-10 03:32:38', 4);"
"INSERT INTO playlist_songs VALUES (7, 30, 179, '2026-02-10 03:32:38', 18);"
"INSERT INTO playlist_songs VALUES (98, 40, 153, '2026-02-10 03:32:38', 9);"
"INSERT INTO playlist_songs VALUES (98, 40, 183, '2026-02-10 03:32:38', 10);"
"INSERT INTO playlist_songs VALUES (98, 40, 84, '2026-02-10 03:32:38', 11);"
"INSERT INTO playlist_songs VALUES (98, 40, 40, '2026-02-10 03:32:38', 15);"
"INSERT INTO playlist_songs VALUES (7, 43, 11, '2026-02-10 03:32:38', 20);"
"INSERT INTO playlist_songs VALUES (7, 43, 130, '2026-02-10 03:32:38', 10);"
"INSERT INTO playlist_songs VALUES (7, 43, 122, '2026-02-10 03:32:38', 7);"
"INSERT INTO playlist_songs VALUES (7, 43, 104, '2026-02-10 03:32:38', 14);"
"INSERT INTO playlist_songs VALUES (7, 43, 82, '2026-02-10 03:32:38', 9);"
"INSERT INTO playlist_songs VALUES (7, 43, 165, '2026-02-10 03:32:38', 18);"
"INSERT INTO playlist_songs VALUES (7, 43, 123, '2026-02-10 03:32:38', 8);"
"INSERT INTO playlist_songs VALUES (94, 32, 53, '2026-02-10 03:32:38', 9);"
"INSERT INTO playlist_songs VALUES (94, 32, 89, '2026-02-10 03:32:38', 11);"
"INSERT INTO playlist_songs VALUES (94, 32, 80, '2026-02-10 03:32:38', 4);"
"INSERT INTO playlist_songs VALUES (94, 32, 111, '2026-02-10 03:32:38', 10);"
"INSERT INTO playlist_songs VALUES (94, 32, 85, '2026-02-10 03:32:38', 16);"
"INSERT INTO playlist_songs VALUES (94, 32, 182, '2026-02-10 03:32:38', 15);"
"INSERT INTO playlist_songs VALUES (5, 50, 50, '2026-02-10 03:32:38', 12);"
"INSERT INTO playlist_songs VALUES (5, 50, 42, '2026-02-10 03:32:38', 5);"
"INSERT INTO playlist_songs VALUES (5, 50, 101, '2026-02-10 03:32:38', 1);"
"INSERT INTO playlist_songs VALUES (5, 50, 111, '2026-02-10 03:32:38', 13);"
"INSERT INTO playlist_songs VALUES (5, 50, 175, '2026-02-10 03:32:38', 7);"
"INSERT INTO playlist_songs VALUES (5, 50, 89, '2026-02-10 03:32:38', 17);"
"INSERT INTO playlist_songs VALUES (68, 1, 27, '2026-02-10 03:32:38', 5);"
"INSERT INTO playlist_songs VALUES (68, 1, 105, '2026-02-10 03:32:38', 15);"
"INSERT INTO playlist_songs VALUES (68, 1, 62, '2026-02-10 03:32:38', 18);"
"INSERT INTO playlist_songs VALUES (68, 1, 111, '2026-02-10 03:32:38', 8);"
"INSERT INTO playlist_songs VALUES (68, 1, 47, '2026-02-10 03:32:38', 16);"
"INSERT INTO playlist_songs VALUES (68, 1, 163, '2026-02-10 03:32:38', 1);"
"INSERT INTO playlist_songs VALUES (68, 1, 32, '2026-02-10 03:32:38', 11);"
"INSERT INTO playlist_songs VALUES (68, 1, 24, '2026-02-10 03:32:38', 9);"
"INSERT INTO playlist_songs VALUES (68, 1, 160, '2026-02-10 03:32:38', 2);"
"INSERT INTO playlist_songs VALUES (68, 1, 50, '2026-02-10 03:32:38', 20);"
"INSERT INTO playlist_songs VALUES (5, 2, 5, '2026-02-10 03:32:38', 8);"
"INSERT INTO playlist_songs VALUES (5, 2, 116, '2026-02-10 03:32:38', 15);"
"INSERT INTO playlist_songs VALUES (5, 2, 14, '2026-02-10 03:32:38', 16);"
"INSERT INTO playlist_songs VALUES (5, 2, 97, '2026-02-10 03:32:38', 17);"
"INSERT INTO playlist_songs VALUES (5, 2, 64, '2026-02-10 03:32:38', 7);"
"INSERT INTO playlist_songs VALUES (5, 2, 110, '2026-02-10 03:32:38', 20);"
"INSERT INTO playlist_songs VALUES (5, 2, 28, '2026-02-10 03:32:38', 19);"
"INSERT INTO playlist_songs VALUES (5, 2, 104, '2026-02-10 03:32:38', 18);"
"INSERT INTO playlist_songs VALUES (5, 2, 77, '2026-02-10 03:32:38', 3);"
"INSERT INTO playlist_songs VALUES (76, 37, 111, '2026-02-10 03:32:38', 15);"
"INSERT INTO playlist_songs VALUES (76, 37, 70, '2026-02-10 03:32:38', 20);"
"INSERT INTO playlist_songs VALUES (76, 37, 39, '2026-02-10 03:32:38', 11);"
"INSERT INTO playlist_songs VALUES (76, 37, 23, '2026-02-10 03:32:38', 13);"
"INSERT INTO playlist_songs VALUES (76, 37, 193, '2026-02-10 03:32:38', 9);"
"INSERT INTO playlist_songs VALUES (76, 37, 45, '2026-02-10 03:32:38', 16);"
"INSERT INTO playlist_songs VALUES (76, 37, 146, '2026-02-10 03:32:38', 7);"
"INSERT INTO playlist_songs VALUES (76, 37, 83, '2026-02-10 03:32:38', 18);"
"INSERT INTO playlist_songs VALUES (76, 37, 103, '2026-02-10 03:32:38', 19);"
"INSERT INTO playlist_songs VALUES (76, 37, 149, '2026-02-10 03:32:38', 5);"
"INSERT INTO playlist_songs VALUES (40, 35, 159, '2026-02-10 03:32:38', 12);"
"INSERT INTO playlist_songs VALUES (40, 35, 66, '2026-02-10 03:32:38', 3);"
"INSERT INTO playlist_songs VALUES (40, 35, 74, '2026-02-10 03:32:38', 16);"
"INSERT INTO playlist_songs VALUES (40, 35, 93, '2026-02-10 03:32:38', 18);"
"INSERT INTO playlist_songs VALUES (40, 35, 47, '2026-02-10 03:32:38', 19);"
"INSERT INTO playlist_songs VALUES (40, 35, 73, '2026-02-10 03:32:38', 10);"
"INSERT INTO playlist_songs VALUES (40, 35, 129, '2026-02-10 03:32:38', 6);"
"INSERT INTO playlist_songs VALUES (40, 35, 121, '2026-02-10 03:32:38', 2);"
"INSERT INTO playlist_songs VALUES (43, 1, 130, '2026-02-10 03:32:38', 7);"
"INSERT INTO playlist_songs VALUES (43, 1, 125, '2026-02-10 03:32:38', 1);"
"INSERT INTO playlist_songs VALUES (43, 1, 192, '2026-02-10 03:32:38', 2);"
"INSERT INTO playlist_songs VALUES (43, 1, 147, '2026-02-10 03:32:38', 6);"
"INSERT INTO playlist_songs VALUES (43, 1, 126, '2026-02-10 03:32:38', 4);"
"INSERT INTO playlist_songs VALUES (43, 1, 88, '2026-02-10 03:32:38', 9);"
"INSERT INTO playlist_songs VALUES (43, 1, 117, '2026-02-10 03:32:38', 8);"
"INSERT INTO playlist_songs VALUES (43, 1, 120, '2026-02-10 03:32:38', 5);"
"INSERT INTO playlist_songs VALUES (76, 22, 136, '2026-02-10 03:32:38', 4);"
"INSERT INTO playlist_songs VALUES (76, 22, 74, '2026-02-10 03:32:38', 11);"
"INSERT INTO playlist_songs VALUES (76, 22, 63, '2026-02-10 03:32:38', 16);"
"INSERT INTO playlist_songs VALUES (76, 22, 110, '2026-02-10 03:32:38', 20);"
"INSERT INTO playlist_songs VALUES (76, 22, 101, '2026-02-10 03:32:38', 14);"
"INSERT INTO playlist_songs VALUES (76, 22, 124, '2026-02-10 03:32:38', 10);"
"INSERT INTO playlist_songs VALUES (76, 22, 171, '2026-02-10 03:32:38', 18);"
"INSERT INTO playlist_songs VALUES (76, 22, 176, '2026-02-10 03:32:38', 8);"
"INSERT INTO playlist_songs VALUES (76, 22, 157, '2026-02-10 03:32:38', 7);"
"INSERT INTO playlist_songs VALUES (52, 39, 109, '2026-02-10 03:32:38', 11);"
"INSERT INTO playlist_songs VALUES (52, 39, 170, '2026-02-10 03:32:38', 5);"
"INSERT INTO playlist_songs VALUES (52, 39, 114, '2026-02-10 03:32:38', 9);"
"INSERT INTO playlist_songs VALUES (52, 39, 11, '2026-02-10 03:32:38', 6);"
"INSERT INTO playlist_songs VALUES (52, 39, 147, '2026-02-10 03:32:38', 12);"
"INSERT INTO playlist_songs VALUES (52, 39, 64, '2026-02-10 03:32:38', 10);"
"INSERT INTO playlist_songs VALUES (52, 39, 112, '2026-02-10 03:32:38', 20);"
"INSERT INTO playlist_songs VALUES (53, 28, 9, '2026-02-10 03:32:38', 14);"
"INSERT INTO playlist_songs VALUES (53, 28, 103, '2026-02-10 03:32:38', 11);"
"INSERT INTO playlist_songs VALUES (53, 28, 6, '2026-02-10 03:32:38', 6);"
"INSERT INTO playlist_songs VALUES (53, 28, 19, '2026-02-10 03:32:38', 10);"
"INSERT INTO playlist_songs VALUES (64, 42, 137, '2026-02-10 03:32:38', 4);"
"INSERT INTO playlist_songs VALUES (64, 42, 105, '2026-02-10 03:32:38', 19);"
"INSERT INTO playlist_songs VALUES (64, 42, 164, '2026-02-10 03:32:38', 12);"
"INSERT INTO playlist_songs VALUES (64, 42, 75, '2026-02-10 03:32:38', 6);"
"INSERT INTO playlist_songs VALUES (64, 42, 33, '2026-02-10 03:32:38', 9);"
"INSERT INTO playlist_songs VALUES (64, 42, 82, '2026-02-10 03:32:38', 14);"
"INSERT INTO playlist_songs VALUES (64, 42, 28, '2026-02-10 03:32:38', 20);"
"INSERT INTO playlist_songs VALUES (85, 22, 161, '2026-02-10 03:32:38', 12);"
"INSERT INTO playlist_songs VALUES (85, 22, 171, '2026-02-10 03:32:38', 13);"
"INSERT INTO playlist_songs VALUES (85, 22, 22, '2026-02-10 03:32:38', 10);"
"INSERT INTO playlist_songs VALUES (85, 22, 138, '2026-02-10 03:32:38', 11);"
"INSERT INTO playlist_songs VALUES (85, 22, 168, '2026-02-10 03:32:38', 19);"
"INSERT INTO playlist_songs VALUES (85, 22, 145, '2026-02-10 03:32:38', 2);"
"INSERT INTO playlist_songs VALUES (85, 22, 131, '2026-02-10 03:32:38', 15);"
"INSERT INTO playlist_songs VALUES (85, 22, 124, '2026-02-10 03:32:38', 5);"
"INSERT INTO playlist_songs VALUES (23, 13, 182, '2026-02-10 03:32:38', 11);"
"INSERT INTO playlist_songs VALUES (23, 13, 32, '2026-02-10 03:32:38', 1);"
"INSERT INTO playlist_songs VALUES (23, 13, 3, '2026-02-10 03:32:38', 2);"
"INSERT INTO playlist_songs VALUES (23, 13, 100, '2026-02-10 03:32:38', 12);"
"INSERT INTO playlist_songs VALUES (23, 13, 106, '2026-02-10 03:32:38', 6);"
"INSERT INTO playlist_songs VALUES (23, 13, 149, '2026-02-10 03:32:38', 15);"
"INSERT INTO playlist_songs VALUES (32, 28, 56, '2026-02-10 03:32:38', 18);"
"INSERT INTO playlist_songs VALUES (32, 28, 24, '2026-02-10 03:32:38', 16);"
"INSERT INTO playlist_songs VALUES (32, 28, 9, '2026-02-10 03:32:38', 13);"
"INSERT INTO playlist_songs VALUES (32, 28, 40, '2026-02-10 03:32:38', 4);"
"INSERT INTO playlist_songs VALUES (32, 28, 12, '2026-02-10 03:32:38', 7);"
"INSERT INTO playlist_songs VALUES (32, 28, 97, '2026-02-10 03:32:38', 20);"
"INSERT INTO playlist_songs VALUES (32, 28, 8, '2026-02-10 03:32:38', 19);"
"INSERT INTO playlist_songs VALUES (79, 42, 15, '2026-02-10 03:32:38', 9);"
"INSERT INTO playlist_songs VALUES (79, 42, 3, '2026-02-10 03:32:38', 7);"
"INSERT INTO playlist_songs VALUES (79, 42, 44, '2026-02-10 03:32:38', 3);"
"INSERT INTO playlist_songs VALUES (79, 42, 137, '2026-02-10 03:32:38', 6);"
"INSERT INTO playlist_songs VALUES (79, 42, 108, '2026-02-10 03:32:38', 17);"
"INSERT INTO playlist_songs VALUES (79, 42, 114, '2026-02-10 03:32:38', 4);"
"INSERT INTO playlist_songs VALUES (79, 42, 112, '2026-02-10 03:32:38', 5);"
"INSERT INTO playlist_songs VALUES (79, 42, 27, '2026-02-10 03:32:38', 16);"
"INSERT INTO playlist_songs VALUES (79, 42, 16, '2026-02-10 03:32:38', 1);"
"INSERT INTO playlist_songs VALUES (79, 42, 178, '2026-02-10 03:32:38', 14);"
"INSERT INTO playlist_songs VALUES (18, 6, 123, '2026-02-10 03:32:38', 14);"
"INSERT INTO playlist_songs VALUES (18, 6, 135, '2026-02-10 03:32:38', 6);"
"INSERT INTO playlist_songs VALUES (18, 6, 124, '2026-02-10 03:32:38', 11);"
"INSERT INTO playlist_songs VALUES (18, 6, 188, '2026-02-10 03:32:38', 1);"
"INSERT INTO playlist_songs VALUES (18, 6, 70, '2026-02-10 03:32:38', 10);"
"INSERT INTO playlist_songs VALUES (18, 6, 24, '2026-02-10 03:32:38', 16);"
"INSERT INTO playlist_songs VALUES (18, 6, 122, '2026-02-10 03:32:38', 18);"
"INSERT INTO playlist_songs VALUES (18, 6, 98, '2026-02-10 03:32:38', 17);"
"INSERT INTO playlist_songs VALUES (84, 42, 190, '2026-02-10 03:32:38', 18);"
"INSERT INTO playlist_songs VALUES (84, 42, 107, '2026-02-10 03:32:38', 8);"
"INSERT INTO playlist_songs VALUES (84, 42, 112, '2026-02-10 03:32:38', 13);"
"INSERT INTO playlist_songs VALUES (84, 42, 182, '2026-02-10 03:32:38', 4);"
"INSERT INTO playlist_songs VALUES (84, 42, 68, '2026-02-10 03:32:38', 3);"
"INSERT INTO playlist_songs VALUES (84, 42, 127, '2026-02-10 03:32:38', 6);"
"INSERT INTO playlist_songs VALUES (84, 42, 52, '2026-02-10 03:32:38', 16);"
"INSERT INTO playlist_songs VALUES (84, 42, 134, '2026-02-10 03:32:38', 11);"
"INSERT INTO playlist_songs VALUES (84, 42, 60, '2026-02-10 03:32:38', 19);"
"INSERT INTO playlist_songs VALUES (84, 42, 170, '2026-02-10 03:32:38', 1);"
"INSERT INTO playlist_songs VALUES (42, 47, 83, '2026-02-10 03:32:38', 17);"
"INSERT INTO playlist_songs VALUES (42, 47, 70, '2026-02-10 03:32:38', 9);"
"INSERT INTO playlist_songs VALUES (42, 47, 30, '2026-02-10 03:32:38', 6);"
"INSERT INTO playlist_songs VALUES (42, 47, 155, '2026-02-10 03:32:38', 11);"
"INSERT INTO playlist_songs VALUES (42, 47, 153, '2026-02-10 03:32:38', 8);"
"INSERT INTO playlist_songs VALUES (42, 47, 15, '2026-02-10 03:32:38', 12);"
"INSERT INTO playlist_songs VALUES (42, 47, 79, '2026-02-10 03:32:38', 5);"
"INSERT INTO playlist_songs VALUES (42, 47, 114, '2026-02-10 03:32:38', 1);"
"INSERT INTO playlist_songs VALUES (99, 12, 64, '2026-02-10 03:32:38', 16);"
"INSERT INTO playlist_songs VALUES (99, 12, 174, '2026-02-10 03:32:38', 3);"
"INSERT INTO playlist_songs VALUES (99, 12, 130, '2026-02-10 03:32:38', 14);"
"INSERT INTO playlist_songs VALUES (99, 12, 57, '2026-02-10 03:32:38', 18);"
"INSERT INTO playlist_songs VALUES (99, 12, 39, '2026-02-10 03:32:38', 2);"
"INSERT INTO playlist_songs VALUES (99, 12, 61, '2026-02-10 03:32:38', 13);"
"INSERT INTO playlist_songs VALUES (80, 18, 194, '2026-02-10 03:32:38', 17);"
"INSERT INTO playlist_songs VALUES (80, 18, 143, '2026-02-10 03:32:38', 14);"
"INSERT INTO playlist_songs VALUES (80, 18, 172, '2026-02-10 03:32:38', 13);"
"INSERT INTO playlist_songs VALUES (80, 18, 93, '2026-02-10 03:32:38', 8);"
"INSERT INTO playlist_songs VALUES (80, 18, 87, '2026-02-10 03:32:38', 3);"
"INSERT INTO playlist_songs VALUES (18, 19, 191, '2026-02-10 03:32:38', 11);"
"INSERT INTO playlist_songs VALUES (18, 19, 133, '2026-02-10 03:32:38', 2);"
"INSERT INTO playlist_songs VALUES (18, 19, 63, '2026-02-10 03:32:38', 4);"
"INSERT INTO playlist_songs VALUES (18, 19, 45, '2026-02-10 03:32:38', 8);"
"INSERT INTO playlist_songs VALUES (18, 19, 167, '2026-02-10 03:32:38', 13);"
"INSERT INTO playlist_songs VALUES (86, 2, 190, '2026-02-10 03:32:38', 10);"
"INSERT INTO playlist_songs VALUES (86, 2, 169, '2026-02-10 03:32:38', 4);"
"INSERT INTO playlist_songs VALUES (86, 2, 15, '2026-02-10 03:32:38', 3);"
"INSERT INTO playlist_songs VALUES (86, 2, 150, '2026-02-10 03:32:38', 5);"
"INSERT INTO playlist_songs VALUES (86, 2, 163, '2026-02-10 03:32:38', 16);"
"INSERT INTO playlist_songs VALUES (86, 2, 19, '2026-02-10 03:32:38', 6);"
"INSERT INTO playlist_songs VALUES (86, 2, 119, '2026-02-10 03:32:38', 14);"
"INSERT INTO playlist_songs VALUES (86, 2, 144, '2026-02-10 03:32:38', 20);"
"INSERT INTO playlist_songs VALUES (86, 2, 89, '2026-02-10 03:32:38', 17);"
"INSERT INTO playlist_songs VALUES (86, 2, 121, '2026-02-10 03:32:38', 18);"
"INSERT INTO playlist_songs VALUES (17, 16, 120, '2026-02-10 03:32:38', 16);"
"INSERT INTO playlist_songs VALUES (17, 16, 82, '2026-02-10 03:32:38', 9);"
"INSERT INTO playlist_songs VALUES (17, 16, 150, '2026-02-10 03:32:38', 11);"
"INSERT INTO playlist_songs VALUES (17, 16, 78, '2026-02-10 03:32:38', 2);"
"INSERT INTO playlist_songs VALUES (17, 16, 144, '2026-02-10 03:32:38', 4);"
"INSERT INTO playlist_songs VALUES (17, 16, 45, '2026-02-10 03:32:38', 19);"
"INSERT INTO playlist_songs VALUES (17, 16, 179, '2026-02-10 03:32:38', 5);"
"INSERT INTO playlist_songs VALUES (17, 16, 65, '2026-02-10 03:32:38', 3);"
"INSERT INTO playlist_songs VALUES (17, 16, 18, '2026-02-10 03:32:38', 18);"
"INSERT INTO playlist_songs VALUES (17, 16, 183, '2026-02-10 03:32:38', 13);"
"INSERT INTO playlist_songs VALUES (84, 1, 161, '2026-02-10 03:32:38', 11);"
"INSERT INTO playlist_songs VALUES (84, 1, 22, '2026-02-10 03:32:38', 10);"
"INSERT INTO playlist_songs VALUES (84, 1, 41, '2026-02-10 03:32:38', 12);"
"INSERT INTO playlist_songs VALUES (84, 1, 40, '2026-02-10 03:32:38', 17);"
"INSERT INTO playlist_songs VALUES (84, 1, 64, '2026-02-10 03:32:38', 4);"
"INSERT INTO playlist_songs VALUES (84, 1, 46, '2026-02-10 03:32:38', 1);"
"INSERT INTO playlist_songs VALUES (11, 33, 17, '2026-02-10 03:32:38', 3);"
"INSERT INTO playlist_songs VALUES (11, 33, 12, '2026-02-10 03:32:38', 15);"
"INSERT INTO playlist_songs VALUES (11, 33, 93, '2026-02-10 03:32:38', 6);"
"INSERT INTO playlist_songs VALUES (11, 33, 185, '2026-02-10 03:32:38', 8);"
"INSERT INTO playlist_songs VALUES (11, 33, 165, '2026-02-10 03:32:38', 16);"
"INSERT INTO playlist_songs VALUES (45, 2, 179, '2026-02-10 03:32:38', 16);"
"INSERT INTO playlist_songs VALUES (45, 2, 22, '2026-02-10 03:32:38', 17);"
"INSERT INTO playlist_songs VALUES (45, 2, 116, '2026-02-10 03:32:38', 3);"
"INSERT INTO playlist_songs VALUES (45, 2, 46, '2026-02-10 03:32:38', 20);"
"INSERT INTO playlist_songs VALUES (45, 2, 110, '2026-02-10 03:32:38', 4);"
"INSERT INTO playlist_songs VALUES (45, 2, 57, '2026-02-10 03:32:38', 14);"
"INSERT INTO playlist_songs VALUES (45, 2, 73, '2026-02-10 03:32:38', 10);"
"INSERT INTO playlist_songs VALUES (99, 35, 84, '2026-02-10 03:32:38', 14);"
"INSERT INTO playlist_songs VALUES (99, 35, 30, '2026-02-10 03:32:38', 6);"
"INSERT INTO playlist_songs VALUES (99, 35, 170, '2026-02-10 03:32:38', 10);"
"INSERT INTO playlist_songs VALUES (99, 35, 27, '2026-02-10 03:32:38', 13);"
"INSERT INTO playlist_songs VALUES (84, 15, 111, '2026-02-10 03:32:38', 4);"
"INSERT INTO playlist_songs VALUES (84, 15, 114, '2026-02-10 03:32:38', 19);"
"INSERT INTO playlist_songs VALUES (84, 15, 167, '2026-02-10 03:32:38', 16);"
"INSERT INTO playlist_songs VALUES (84, 15, 82, '2026-02-10 03:32:38', 11);"
"INSERT INTO playlist_songs VALUES (84, 15, 187, '2026-02-10 03:32:38', 10);"
"INSERT INTO playlist_songs VALUES (84, 15, 75, '2026-02-10 03:32:38', 13);"
"INSERT INTO playlist_songs VALUES (84, 15, 40, '2026-02-10 03:32:38', 18);"
"INSERT INTO playlist_songs VALUES (84, 15, 19, '2026-02-10 03:32:38', 15);"
"INSERT INTO playlist_songs VALUES (10, 32, 97, '2026-02-10 03:32:38', 17);"
"INSERT INTO playlist_songs VALUES (10, 32, 174, '2026-02-10 03:32:38', 13);"
"INSERT INTO playlist_songs VALUES (10, 32, 191, '2026-02-10 03:32:38', 4);"
"INSERT INTO playlist_songs VALUES (10, 32, 47, '2026-02-10 03:32:38', 3);"
"INSERT INTO playlist_songs VALUES (10, 32, 140, '2026-02-10 03:32:38', 15);"
"INSERT INTO playlist_songs VALUES (10, 32, 105, '2026-02-10 03:32:38', 18);"
"INSERT INTO playlist_songs VALUES (10, 32, 74, '2026-02-10 03:32:38', 5);"
"INSERT INTO playlist_songs VALUES (20, 26, 100, '2026-02-10 03:32:38', 5);"
"INSERT INTO playlist_songs VALUES (20, 26, 142, '2026-02-10 03:32:38', 12);"
"INSERT INTO playlist_songs VALUES (20, 26, 171, '2026-02-10 03:32:38', 11);"
"INSERT INTO playlist_songs VALUES (20, 26, 68, '2026-02-10 03:32:38', 14);"
"INSERT INTO playlist_songs VALUES (20, 26, 32, '2026-02-10 03:32:38', 9);"
"INSERT INTO playlist_songs VALUES (20, 26, 104, '2026-02-10 03:32:38', 6);"
"INSERT INTO playlist_songs VALUES (20, 26, 101, '2026-02-10 03:32:38', 18);"
"INSERT INTO playlist_songs VALUES (48, 46, 49, '2026-02-10 03:32:38', 12);"
"INSERT INTO playlist_songs VALUES (48, 46, 107, '2026-02-10 03:32:38', 7);"
"INSERT INTO playlist_songs VALUES (48, 46, 7, '2026-02-10 03:32:38', 5);"
"INSERT INTO playlist_songs VALUES (48, 46, 194, '2026-02-10 03:32:38', 8);"
"INSERT INTO playlist_songs VALUES (48, 46, 38, '2026-02-10 03:32:38', 3);"
"INSERT INTO playlist_songs VALUES (48, 46, 179, '2026-02-10 03:32:38', 10);"
"INSERT INTO playlist_songs VALUES (67, 31, 178, '2026-02-10 03:32:38', 9);"
"INSERT INTO playlist_songs VALUES (67, 31, 175, '2026-02-10 03:32:38', 6);"
"INSERT INTO playlist_songs VALUES (67, 31, 32, '2026-02-10 03:32:38', 19);"
"INSERT INTO playlist_songs VALUES (67, 31, 132, '2026-02-10 03:32:38', 20);"
"INSERT INTO playlist_songs VALUES (67, 31, 28, '2026-02-10 03:32:38', 10);"
"INSERT INTO playlist_songs VALUES (67, 31, 168, '2026-02-10 03:32:38', 7);"
"INSERT INTO playlist_songs VALUES (67, 31, 98, '2026-02-10 03:32:38', 8);"
"INSERT INTO playlist_songs VALUES (67, 31, 145, '2026-02-10 03:32:38', 16);"
"INSERT INTO playlist_songs VALUES (67, 31, 11, '2026-02-10 03:32:38', 15);"
"INSERT INTO playlist_songs VALUES (32, 17, 73, '2026-02-10 03:32:38', 13);"
"INSERT INTO playlist_songs VALUES (32, 17, 29, '2026-02-10 03:32:38', 7);"
"INSERT INTO playlist_songs VALUES (32, 17, 14, '2026-02-10 03:32:38', 14);"
"INSERT INTO playlist_songs VALUES (32, 17, 30, '2026-02-10 03:32:38', 5);"
"INSERT INTO playlist_songs VALUES (32, 17, 182, '2026-02-10 03:32:38', 17);"
"INSERT INTO playlist_songs VALUES (71, 42, 80, '2026-02-10 03:32:38', 16);"
"INSERT INTO playlist_songs VALUES (71, 42, 79, '2026-02-10 03:32:38', 4);"
"INSERT INTO playlist_songs VALUES (71, 42, 19, '2026-02-10 03:32:38', 5);"
"INSERT INTO playlist_songs VALUES (71, 42, 147, '2026-02-10 03:32:38', 18);"
"INSERT INTO playlist_songs VALUES (71, 42, 51, '2026-02-10 03:32:38', 12);"
"INSERT INTO playlist_songs VALUES (71, 42, 186, '2026-02-10 03:32:38', 3);"
"INSERT INTO playlist_songs VALUES (71, 42, 123, '2026-02-10 03:32:38', 1);"
"INSERT INTO playlist_songs VALUES (71, 42, 154, '2026-02-10 03:32:38', 20);"
"INSERT INTO playlist_songs VALUES (75, 9, 177, '2026-02-10 03:32:38', 16);"
"INSERT INTO playlist_songs VALUES (75, 9, 113, '2026-02-10 03:32:38', 12);"
"INSERT INTO playlist_songs VALUES (75, 9, 56, '2026-02-10 03:32:38', 8);"
"INSERT INTO playlist_songs VALUES (75, 9, 101, '2026-02-10 03:32:38', 14);"
"INSERT INTO playlist_songs VALUES (75, 9, 152, '2026-02-10 03:32:38', 18);"
"INSERT INTO playlist_songs VALUES (53, 18, 133, '2026-02-10 03:32:38', 9);"
"INSERT INTO playlist_songs VALUES (53, 18, 187, '2026-02-10 03:32:38', 1);"
"INSERT INTO playlist_songs VALUES (53, 18, 157, '2026-02-10 03:32:38', 19);"
"INSERT INTO playlist_songs VALUES (53, 18, 192, '2026-02-10 03:32:38', 7);"
"INSERT INTO playlist_songs VALUES (53, 18, 106, '2026-02-10 03:32:38', 18);"
"INSERT INTO playlist_songs VALUES (53, 18, 51, '2026-02-10 03:32:38', 8);"
"INSERT INTO playlist_songs VALUES (53, 18, 96, '2026-02-10 03:32:38', 14);"
"INSERT INTO playlist_songs VALUES (53, 18, 127, '2026-02-10 03:32:38', 17);"
"INSERT INTO playlist_songs VALUES (53, 18, 184, '2026-02-10 03:32:38', 13);"
"INSERT INTO playlist_songs VALUES (70, 21, 144, '2026-02-10 03:32:38', 11);"
"INSERT INTO playlist_songs VALUES (70, 21, 73, '2026-02-10 03:32:38', 5);"
"INSERT INTO playlist_songs VALUES (70, 21, 155, '2026-02-10 03:32:38', 14);"
"INSERT INTO playlist_songs VALUES (70, 21, 41, '2026-02-10 03:32:38', 8);"
"INSERT INTO playlist_songs VALUES (70, 21, 23, '2026-02-10 03:32:38', 19);"
"INSERT INTO playlist_songs VALUES (70, 21, 177, '2026-02-10 03:32:38', 16);"
"INSERT INTO playlist_songs VALUES (90, 20, 182, '2026-02-10 03:32:38', 16);"
"INSERT INTO playlist_songs VALUES (90, 20, 177, '2026-02-10 03:32:38', 12);"
"INSERT INTO playlist_songs VALUES (90, 20, 39, '2026-02-10 03:32:38', 8);"
"INSERT INTO playlist_songs VALUES (90, 20, 61, '2026-02-10 03:32:38', 1);"
"INSERT INTO playlist_songs VALUES (59, 36, 17, '2026-02-10 03:32:38', 5);"
"INSERT INTO playlist_songs VALUES (59, 36, 132, '2026-02-10 03:32:38', 19);"
"INSERT INTO playlist_songs VALUES (59, 36, 191, '2026-02-10 03:32:38', 1);"
"INSERT INTO playlist_songs VALUES (59, 36, 122, '2026-02-10 03:32:38', 10);"
"INSERT INTO playlist_songs VALUES (59, 36, 85, '2026-02-10 03:32:38', 8);"
"INSERT INTO playlist_songs VALUES (59, 36, 92, '2026-02-10 03:32:38', 11);"
"INSERT INTO playlist_songs VALUES (79, 49, 82, '2026-02-10 03:32:38', 14);"
"INSERT INTO playlist_songs VALUES (79, 49, 97, '2026-02-10 03:32:38', 6);"
"INSERT INTO playlist_songs VALUES (79, 49, 178, '2026-02-10 03:32:38', 20);"
"INSERT INTO playlist_songs VALUES (79, 49, 88, '2026-02-10 03:32:38', 11);"
"INSERT INTO playlist_songs VALUES (79, 49, 142, '2026-02-10 03:32:38', 13);"
"INSERT INTO playlist_songs VALUES (79, 49, 80, '2026-02-10 03:32:38', 19);"
"INSERT INTO playlist_songs VALUES (84, 14, 40, '2026-02-10 03:32:38', 8);"
"INSERT INTO playlist_songs VALUES (84, 14, 3, '2026-02-10 03:32:38', 13);"
"INSERT INTO playlist_songs VALUES (84, 14, 28, '2026-02-10 03:32:38', 19);"
"INSERT INTO playlist_songs VALUES (84, 14, 168, '2026-02-10 03:32:38', 6);"
"INSERT INTO playlist_songs VALUES (84, 14, 23, '2026-02-10 03:32:38', 3);"
"INSERT INTO playlist_songs VALUES (84, 14, 145, '2026-02-10 03:32:38', 10);"
"INSERT INTO playlist_songs VALUES (84, 14, 175, '2026-02-10 03:32:38', 14);"
"INSERT INTO playlist_songs VALUES (84, 14, 84, '2026-02-10 03:32:38', 15);"
"INSERT INTO playlist_songs VALUES (84, 14, 22, '2026-02-10 03:32:38', 20);"
"INSERT INTO playlist_songs VALUES (41, 41, 14, '2026-02-10 03:32:38', 20);"
"INSERT INTO playlist_songs VALUES (41, 41, 70, '2026-02-10 03:32:38', 15);"
"INSERT INTO playlist_songs VALUES (41, 41, 53, '2026-02-10 03:32:38', 4);"
"INSERT INTO playlist_songs VALUES (41, 41, 82, '2026-02-10 03:32:38', 7);"
"INSERT INTO playlist_songs VALUES (41, 41, 16, '2026-02-10 03:32:38', 9);"
"INSERT INTO playlist_songs VALUES (41, 41, 189, '2026-02-10 03:32:38', 14);"
"INSERT INTO playlist_songs VALUES (41, 41, 126, '2026-02-10 03:32:38', 19);"
"INSERT INTO playlist_songs VALUES (41, 41, 187, '2026-02-10 03:32:38', 16);"
"INSERT INTO playlist_songs VALUES (41, 41, 141, '2026-02-10 03:32:38', 6);"
"INSERT INTO playlist_songs VALUES (50, 12, 114, '2026-02-10 03:32:38', 7);"
"INSERT INTO playlist_songs VALUES (50, 12, 194, '2026-02-10 03:32:38', 5);"
"INSERT INTO playlist_songs VALUES (50, 12, 8, '2026-02-10 03:32:38', 19);"
"INSERT INTO playlist_songs VALUES (50, 12, 121, '2026-02-10 03:32:38', 16);"
"INSERT INTO playlist_songs VALUES (50, 12, 15, '2026-02-10 03:32:38', 17);"
"INSERT INTO playlist_songs VALUES (50, 12, 70, '2026-02-10 03:32:38', 9);"
"INSERT INTO playlist_songs VALUES (84, 12, 13, '2026-02-10 03:32:38', 15);"
"INSERT INTO playlist_songs VALUES (84, 12, 67, '2026-02-10 03:32:38', 2);"
"INSERT INTO playlist_songs VALUES (84, 12, 131, '2026-02-10 03:32:38', 8);"
"INSERT INTO playlist_songs VALUES (84, 12, 167, '2026-02-10 03:32:38', 9);"
"INSERT INTO playlist_songs VALUES (80, 31, 49, '2026-02-10 03:32:38', 6);"
"INSERT INTO playlist_songs VALUES (80, 31, 20, '2026-02-10 03:32:38', 5);"
"INSERT INTO playlist_songs VALUES (80, 31, 118, '2026-02-10 03:32:38', 11);"
"INSERT INTO playlist_songs VALUES (80, 31, 24, '2026-02-10 03:32:38', 19);"
"INSERT INTO playlist_songs VALUES (18, 3, 146, '2026-02-10 03:32:38', 17);"
"INSERT INTO playlist_songs VALUES (18, 3, 125, '2026-02-10 03:32:38', 8);"
"INSERT INTO playlist_songs VALUES (18, 3, 15, '2026-02-10 03:32:38', 20);"
"INSERT INTO playlist_songs VALUES (18, 3, 193, '2026-02-10 03:32:38', 11);"
"INSERT INTO playlist_songs VALUES (18, 3, 154, '2026-02-10 03:32:38', 3);"
"INSERT INTO playlist_songs VALUES (18, 3, 26, '2026-02-10 03:32:38', 13);"
"INSERT INTO playlist_songs VALUES (18, 3, 68, '2026-02-10 03:32:38', 16);"
"INSERT INTO playlist_songs VALUES (2, 11, 2, '2026-02-10 03:32:38', 7);"
"INSERT INTO playlist_songs VALUES (2, 11, 44, '2026-02-10 03:32:38', 13);"
"INSERT INTO playlist_songs VALUES (2, 11, 21, '2026-02-10 03:32:38', 1);"
"INSERT INTO playlist_songs VALUES (2, 11, 137, '2026-02-10 03:32:38', 18);"
"INSERT INTO playlist_songs VALUES (29, 20, 24, '2026-02-10 03:32:38', 10);"
"INSERT INTO playlist_songs VALUES (29, 20, 171, '2026-02-10 03:32:38', 14);"
"INSERT INTO playlist_songs VALUES (29, 20, 130, '2026-02-10 03:32:38', 7);"
"INSERT INTO playlist_songs VALUES (29, 20, 177, '2026-02-10 03:32:38', 17);"
"INSERT INTO playlist_songs VALUES (29, 20, 128, '2026-02-10 03:32:38', 19);"
"INSERT INTO playlist_songs VALUES (29, 20, 188, '2026-02-10 03:32:38', 9);"
"INSERT INTO playlist_songs VALUES (29, 20, 145, '2026-02-10 03:32:38', 13);"
"INSERT INTO playlist_songs VALUES (29, 20, 187, '2026-02-10 03:32:38', 4);"
"INSERT INTO playlist_songs VALUES (29, 20, 167, '2026-02-10 03:32:38', 1);"
"INSERT INTO playlist_songs VALUES (29, 20, 68, '2026-02-10 03:32:38', 11);"
"INSERT INTO playlist_songs VALUES (7, 29, 27, '2026-02-10 03:32:38', 17);"
"INSERT INTO playlist_songs VALUES (7, 29, 148, '2026-02-10 03:32:38', 10);"
"INSERT INTO playlist_songs VALUES (7, 29, 3, '2026-02-10 03:32:38', 20);"
"INSERT INTO playlist_songs VALUES (7, 29, 8, '2026-02-10 03:32:38', 5);"
"INSERT INTO playlist_songs VALUES (7, 29, 152, '2026-02-10 03:32:38', 6);"
"INSERT INTO playlist_songs VALUES (7, 29, 146, '2026-02-10 03:32:38', 2);"
"INSERT INTO playlist_songs VALUES (5, 48, 63, '2026-02-10 03:32:38', 9);"
"INSERT INTO playlist_songs VALUES (5, 48, 51, '2026-02-10 03:32:38', 19);"
"INSERT INTO playlist_songs VALUES (5, 48, 128, '2026-02-10 03:32:38', 12);"
"INSERT INTO playlist_songs VALUES (5, 48, 140, '2026-02-10 03:32:38', 7);"
"INSERT INTO playlist_songs VALUES (5, 48, 168, '2026-02-10 03:32:38', 5);"
"INSERT INTO playlist_songs VALUES (5, 48, 24, '2026-02-10 03:32:38', 4);"
"INSERT INTO playlist_songs VALUES (5, 48, 72, '2026-02-10 03:32:38', 3);"
"INSERT INTO playlist_songs VALUES (5, 48, 156, '2026-02-10 03:32:38', 11);"
"INSERT INTO playlist_songs VALUES (10, 27, 70, '2026-02-10 03:32:38', 9);"
"INSERT INTO playlist_songs VALUES (10, 27, 12, '2026-02-10 03:32:38', 10);"
"INSERT INTO playlist_songs VALUES (10, 27, 102, '2026-02-10 03:32:38', 11);"
"INSERT INTO playlist_songs VALUES (10, 27, 55, '2026-02-10 03:32:38', 8);"
"INSERT INTO playlist_songs VALUES (44, 34, 82, '2026-02-10 03:32:38', 2);"
"INSERT INTO playlist_songs VALUES (44, 34, 56, '2026-02-10 03:32:38', 7);"
"INSERT INTO playlist_songs VALUES (44, 34, 183, '2026-02-10 03:32:38', 10);"
"INSERT INTO playlist_songs VALUES (44, 34, 41, '2026-02-10 03:32:38', 9);"
"INSERT INTO playlist_songs VALUES (44, 34, 1, '2026-02-10 03:32:38', 16);"
"INSERT INTO playlist_songs VALUES (44, 34, 96, '2026-02-10 03:32:38', 1);"
"INSERT INTO playlist_songs VALUES (44, 34, 58, '2026-02-10 03:32:38', 6);"
"INSERT INTO playlist_songs VALUES (44, 34, 55, '2026-02-10 03:32:38', 8);"
"INSERT INTO playlist_songs VALUES (68, 44, 26, '2026-02-10 03:32:38', 15);"
"INSERT INTO playlist_songs VALUES (68, 44, 23, '2026-02-10 03:32:38', 13);"
"INSERT INTO playlist_songs VALUES (68, 44, 100, '2026-02-10 03:32:38', 19);"
"INSERT INTO playlist_songs VALUES (68, 44, 88, '2026-02-10 03:32:38', 7);"
"INSERT INTO playlist_songs VALUES (68, 44, 130, '2026-02-10 03:32:38', 9);"
"INSERT INTO playlist_songs VALUES (68, 44, 192, '2026-02-10 03:32:38', 3);"
"INSERT INTO playlist_songs VALUES (68, 44, 10, '2026-02-10 03:32:38', 6);"
"INSERT INTO playlist_songs VALUES (68, 44, 114, '2026-02-10 03:32:38', 20);"
"INSERT INTO playlist_songs VALUES (68, 44, 141, '2026-02-10 03:32:38', 16);"
"INSERT INTO playlist_songs VALUES (71, 24, 65, '2026-02-10 03:32:38', 3);"
"INSERT INTO playlist_songs VALUES (71, 24, 184, '2026-02-10 03:32:38', 1);"
"INSERT INTO playlist_songs VALUES (71, 24, 178, '2026-02-10 03:32:38', 9);"
"INSERT INTO playlist_songs VALUES (71, 24, 128, '2026-02-10 03:32:38', 11);"
"INSERT INTO playlist_songs VALUES (71, 24, 85, '2026-02-10 03:32:38', 6);"
"INSERT INTO playlist_songs VALUES (71, 24, 113, '2026-02-10 03:32:38', 5);"
"INSERT INTO playlist_songs VALUES (71, 24, 136, '2026-02-10 03:32:38', 2);"
"INSERT INTO playlist_songs VALUES (57, 31, 102, '2026-02-10 03:32:38', 5);"
"INSERT INTO playlist_songs VALUES (57, 31, 25, '2026-02-10 03:32:38', 12);"
"INSERT INTO playlist_songs VALUES (57, 31, 34, '2026-02-10 03:32:38', 17);"
"INSERT INTO playlist_songs VALUES (57, 31, 14, '2026-02-10 03:32:38', 3);"
"INSERT INTO playlist_songs VALUES (57, 31, 159, '2026-02-10 03:32:38', 19);"
"INSERT INTO playlist_songs VALUES (57, 31, 160, '2026-02-10 03:32:38', 7);"
"INSERT INTO playlist_songs VALUES (57, 31, 192, '2026-02-10 03:32:38', 6);"
"INSERT INTO playlist_songs VALUES (57, 31, 186, '2026-02-10 03:32:38', 8);"
"INSERT INTO playlist_songs VALUES (57, 31, 30, '2026-02-10 03:32:38', 10);"
"INSERT INTO playlist_songs VALUES (57, 31, 174, '2026-02-10 03:32:38', 14);"