"INSERT INTO users VALUES (1, 'adamharris1', 'gibbsjessica@example.com', 'Adam Harris', '2001-07-12', 'US', 'Free', '2024-12-10 23:21:53', '2025-11-04 18:16:28');"
"INSERT INTO users VALUES (2, 'kurtaguilar2', 'daniel49@example.org', 'Kurt Aguilar', '2004-05-05', 'CA', 'Free', '2024-09-22 16:30:55', '2025-06-13 03:19:56');"
"INSERT INTO users VALUES (3, 'ianadams3', 'davidthomas@example.com', 'Ian Adams', '1980-05-25', 'CA', 'Premium', '2025-03-17 17:16:47', '2025-08-14 16:56:07');"
"INSERT INTO users VALUES (4, 'laurengray4', 'dbrown@example.org', 'Lauren Gray', '1993-06-03', 'CA', 'Family', '2024-08-20 09:30:59', '2025-12-14 23:18:09');"
"INSERT INTO users VALUES (5, 'melissalang5', 'lindseyroberson@example.net', 'Melissa Lang', '2002-10-14', 'UK', 'Free', '2024-03-01 00:07:56', '2024-10-03 19:21:33');"
"INSERT INTO users VALUES (6, 'stevenbrown6', 'bmyers@example.com', 'Steven Brown', '1998-04-11', 'CA', 'Premium', '2026-02-03 15:41:14', '2026-02-09 02:06:20');"
"INSERT INTO users VALUES (7, 'amandaharris7', 'ularson@example.org', 'Amanda Harris', '1976-06-17', 'US', 'Premium', '2026-01-13 15:07:25', '2026-01-17 05:30:14');"
"INSERT INTO users VALUES (8, 'anthonygray8', 'dana68@example.net', 'Anthony Gray', '1987-08-07', 'UK', 'Family', '2024-07-08 04:56:31', '2024-10-27 21:02:13');"
"INSERT INTO users VALUES (9, 'katrinastokes9', 'emilylong@example.org', 'Katrina Stokes', '1978-10-31', 'US', 'Family', '2024-09-29 11:47:08', '2025-08-14 16:12:37');"
"INSERT INTO users VALUES (10, 'johnsmith10', 'mallory17@example.org', 'John Smith', '1995-03-25', 'UK', 'Family', '2024-03-15 03:48:34', '2026-02-09 10:30:52');"
"INSERT INTO users VALUES (11, 'misschelseabrandt11', 'marshjoseph@example.com', 'Miss Chelsea Brandt', '1967-01-31', 'UK', 'Free', '2024-03-31 02:50:33', '2024-05-04 09:55:15');"
"INSERT INTO users VALUES (12, 'annaharrington12', 'crawfordjoseph@example.org', 'Anna Harrington', '1998-09-24', 'UK', 'Free', '2024-03-18 14:56:31', '2025-03-22 23:27:18');"
"INSERT INTO users VALUES (13, 'charlescook13', 'ifrench@example.net', 'Charles Cook', '1979-06-21', 'US', 'Free', '2024-07-12 14:54:35', '2025-05-16 12:36:39');"
"INSERT INTO users VALUES (14, 'kristinabell14', 'pamela87@example.com', 'Kristina Bell', '1993-06-14', 'US', 'Premium', '2025-05-02 20:15:14', '2025-06-28 09:29:22');"
"INSERT INTO users VALUES (15, 'jamescastro15', 'jared09@example.net', 'James Castro', '1997-05-09', 'UK', 'Family', '2024-12-15 17:24:52', '2025-06-07 05:36:54');"
"INSERT INTO users VALUES (16, 'donnareed16', 'james64@example.org', 'Donna Reed', '1984-05-21', 'UK', 'Free', '2024-06-22 12:28:30', '2025-12-04 18:42:44');"
"INSERT INTO users VALUES (17, 'emilylucas17', 'xcoleman@example.com', 'Emily Lucas', '1978-09-18', 'UK', 'Premium', '2024-12-26 16:01:47', '2025-07-17 16:59:25');"
"INSERT INTO users VALUES (18, 'lisajones18', 'williamspeggy@example.org', 'Lisa Jones', '1983-03-18', 'US', 'Free', '2024-07-06 10:12:24', '2025-01-10 15:30:49');"
"INSERT INTO users VALUES (19, 'christiangates19', 'laurengarza@example.com', 'Christian Gates', '1980-08-28', 'CA', 'Family', '2024-09-05 10:51:32', '2025-01-18 07:20:41');"
"INSERT INTO users VALUES (20, 'johnsmith20', 'michael29@example.net', 'John Smith', '1989-11-13', 'US', 'Premium', '2025-05-27 13:43:51', '2025-09-19 20:31:14');"
"INSERT INTO users VALUES (21, 'kimberlyhall21', 'ashleyfranklin@example.org', 'Kimberly Hall', '2002-12-13', 'US', 'Premium', '2024-10-19 12:14:47', '2025-06-12 03:05:10');"
"INSERT INTO users VALUES (22, 'heathergibson22', 'zjohnson@example.org', 'Heather Gibson', '1970-01-21', 'UK', 'Family', '2024-05-21 09:29:59', '2025-11-05 14:06:42');"
"INSERT INTO users VALUES (23, 'emilymartin23', 'lewisjessica@example.com', 'Emily Martin', '1974-11-02', 'UK', 'Free', '2024-03-23 00:30:45', '2025-04-27 13:15:20');"
"INSERT INTO users VALUES (24, 'laurensantiago24', 'olewis@example.net', 'Lauren Santiago', '1981-06-17', 'UK', 'Free', '2024-02-28 16:56:42', '2025-08-25 03:25:48');"
"INSERT INTO users VALUES (25, 'stevenlindsey25', 'ashleyfoley@example.net', 'Steven Lindsey', '2003-06-01', 'UK', 'Premium', '2025-10-01 17:00:34', '2025-11-21 11:29:12');"
"INSERT INTO users VALUES (26, 'donnawhitaker26', 'emily21@example.org', 'Donna Whitaker', '2007-02-14', 'CA', 'Family', '2025-08-11 23:44:19', '2025-12-19 02:17:32');"
"INSERT INTO users VALUES (27, 'hollyrice27', 'xmarks@example.org', 'Holly Rice', '1979-02-13', 'US', 'Free', '2025-01-21 23:54:32', '2025-03-06 01:44:13');"
"INSERT INTO users VALUES (28, 'stevetyler28', 'burnsjulie@example.org', 'Steve Tyler', '1987-06-14', 'UK', 'Free', '2024-10-16 22:26:09', '2025-07-25 12:33:51');"
"INSERT INTO users VALUES (29, 'kathleendavis29', 'william70@example.org', 'Kathleen Davis', '1969-05-31', 'UK', 'Family', '2024-12-05 23:36:04', '2025-08-24 16:11:54');"
"INSERT INTO users VALUES (30, 'johnsmith30', 'michelewright@example.org', 'John Smith', '1968-09-20', 'CA', 'Free', '2024-05-18 12:37:27', '2025-06-02 05:07:49');"
"INSERT INTO users VALUES (31, 'adrienneolson31', 'tmoore@example.com', 'Adrienne Olson', '1965-05-26', 'US', 'Free', '2025-07-21 16:56:16', '2025-12-28 17:47:40');"
"INSERT INTO users VALUES (32, 'maryhowell32', 'courtney57@example.org', 'Mary Howell', '2006-04-18', 'UK', 'Premium', '2025-09-03 06:41:15', '2025-12-10 15:12:08');"
"INSERT INTO users VALUES (33, 'larrybarnes33', 'eric36@example.net', 'Larry Barnes', '1966-12-08', 'UK', 'Family', '2024-04-30 20:35:08', '2025-05-07 18:13:32');"
"INSERT INTO users VALUES (34, 'peterwest34', 'kimberlyallen@example.net', 'Peter West', '1992-02-07', 'CA', 'Premium', '2025-06-15 07:33:26', '2025-10-26 21:44:16');"
"INSERT INTO users VALUES (35, 'wendynielsen35', 'sparker@example.com', 'Wendy Nielsen', '1977-04-17', 'UK', 'Premium', '2024-05-24 00:32:20', '2025-06-07 14:26:23');"
"INSERT INTO users VALUES (36, 'craigmarsh36', 'danielmalone@example.org', 'Craig Marsh', '1999-08-20', 'UK', 'Free', '2024-09-05 04:34:54', '2025-04-07 18:46:16');"
"INSERT INTO users VALUES (37, 'mr.jameshahnmd37', 'munozbradley@example.org', 'Mr. James Hahn MD', '1996-01-28', 'US', 'Premium', '2024-03-20 21:34:47', '2024-05-01 16:35:12');"
"INSERT INTO users VALUES (38, 'andrewtownsend38', 'marc78@example.com', 'Andrew Townsend', '1979-03-04', 'CA', 'Free', '2025-01-07 23:14:45', '2025-07-13 11:10:53');"
"INSERT INTO users VALUES (39, 'kennethpeters39', 'fkelly@example.com', 'Kenneth Peters', '1986-11-26', 'CA', 'Free', '2025-02-17 04:41:50', '2025-10-13 00:42:18');"
"INSERT INTO users VALUES (40, 'johnsmith40', 'djones@example.com', 'John Smith', '1999-09-01', 'US', 'Premium', '2026-01-14 13:49:05', '2026-01-28 02:56:22');"
"INSERT INTO users VALUES (41, 'davidlee41', 'stonestephen@example.net', 'David Lee', '1976-04-04', 'US', 'Family', '2025-04-20 08:41:22', '2025-04-25 05:44:57');"
"INSERT INTO users VALUES (42, 'sharonmccarthy42', 'gloverwilliam@example.com', 'Sharon Mccarthy', '1990-07-01', 'US', 'Family', '2026-02-03 12:50:14', '2026-02-05 07:31:30');"
"INSERT INTO users VALUES (43, 'dianamerritt43', 'batesjames@example.com', 'Diana Merritt', '2003-09-05', 'UK', 'Premium', '2024-08-02 13:23:42', '2025-02-27 10:14:14');"
"INSERT INTO users VALUES (44, 'mikaylacarter44', 'yneal@example.org', 'Mikayla Carter', '1983-01-31', 'US', 'Premium', '2024-09-21 12:51:37', '2025-04-24 08:59:40');"
"INSERT INTO users VALUES (45, 'amandagordon45', 'brooke51@example.org', 'Amanda Gordon', '2002-09-20', 'CA', 'Family', '2026-01-11 14:44:17', '2026-01-26 05:04:47');"
"INSERT INTO users VALUES (46, 'candicebrown46', 'anthony74@example.net', 'Candice Brown', '2003-08-14', 'CA', 'Family', '2024-03-24 19:38:12', '2024-08-16 03:36:54');"
"INSERT INTO users VALUES (47, 'reginaldrodriguezmd47', 'brett26@example.org', 'Reginald Rodriguez MD', '1983-12-26', 'US', 'Family', '2024-08-19 01:25:38', '2024-09-30 08:21:53');"
"INSERT INTO users VALUES (48, 'stevenpierce48', 'biancamurray@example.com', 'Steven Pierce', '1978-07-11', 'UK', 'Family', '2026-02-07 19:02:35', '2026-02-08 15:29:33');"
"INSERT INTO users VALUES (49, 'kathymorrison49', 'smithlaura@example.net', 'Kathy Morrison', '1972-02-04', 'UK', 'Family', '2025-09-24 02:38:25', '2025-10-09 22:55:12');"
"INSERT INTO users VALUES (50, 'johnsmith50', 'michele02@example.com', 'John Smith', '2004-10-14', 'CA', 'Premium', '2024-09-20 08:26:42', '2025-02-11 13:38:05');"